{"Test Acc": 33.79, "Test Loss": 3.17, "_timestamp": 1716279555.0420585, "_runtime": 3117.5504083633423, "_step": 500}