{"Test Acc": 27.65, "Test Loss": 2.01, "_timestamp": 1716276900.0895503, "_runtime": 462.5979001522064, "_step": 70}