{"Test Acc": 23.4, "Test Loss": 2.94, "_timestamp": 1715548225.9435275, "_runtime": 58268.190004348755, "_step": 100, "_wandb": {"runtime": 58266}}