{"Test Acc": 41.66, "Test Loss": 3.79, "_timestamp": 1716234829.9642494, "_runtime": 17838.734479427338, "_step": 1000, "_wandb": {"runtime": 17837}}