{"0Client_acc": 64.24, "0Client_loss": 1.02, "1Client_acc": 60.36, "1Client_loss": 1.15, "2Client_acc": 53.4, "2Client_loss": 1.42, "3Client_acc": 67.88, "3Client_loss": 0.93, "4Client_acc": 48.55, "4Client_loss": 1.67, "_timestamp": 1714984558.1469073, "_runtime": 2185.8104224205017, "_step": 4}