{"Test Acc": 46.27, "Test Loss": 1.92, "_timestamp": 1716279496.2752888, "_runtime": 2196.3809797763824, "_step": 320}