{"Test Acc": 54.08, "Test Loss": 1.93, "_timestamp": 1716275857.7980046, "_runtime": 59045.33662056923, "_step": 630}