{"Test Acc": 54.46, "Test Loss": 1.92, "_timestamp": 1716278687.3683074, "_runtime": 61874.90692329407, "_step": 660}