{"Test Acc": 97.77, "Test Loss": 0.09, "_timestamp": 1715251271.3707695, "_runtime": 1740.118218421936, "_step": 50, "_wandb": {"runtime": 1738}}