{"Test Acc": 24.24, "Test Loss": 3.21, "_timestamp": 1715714229.0396488, "_runtime": 36482.22637081146, "_step": 100, "_wandb": {"runtime": 36480}}