{"0Client_acc": 69.85, "0Client_loss": 1.53, "1Client_acc": 74.75, "1Client_loss": 1.21, "2Client_acc": 72.58, "2Client_loss": 1.37, "3Client_acc": 72.58, "3Client_loss": 1.37, "4Client_acc": 71.59, "4Client_loss": 1.29, "_timestamp": 1715071653.2398987, "_runtime": 9044.02623963356, "_step": 37}