{"Test Acc": 10.0, "Test Loss": 2.41, "_timestamp": 1716298030.1010964, "_runtime": 6128.9159054756165, "_step": 1000, "_wandb": {"runtime": 6127}}