{"Test Acc": 10.0, "Test Loss": 2.4, "_timestamp": 1716298193.3517652, "_runtime": 6292.148306131363, "_step": 1000, "_wandb": {"runtime": 6290}}