{"Test Acc": 50.61, "Test Loss": 3.12, "_timestamp": 1716304843.4906783, "_runtime": 6629.09206533432, "_step": 1000, "_wandb": {"runtime": 6627}}