{"Test Acc": 57.58, "Test Loss": 1.84, "_timestamp": 1716275592.459206, "_runtime": 58780.02067112923, "_step": 630}