{"Test Acc": 58.07, "Test Loss": 1.82, "_timestamp": 1716278399.6966736, "_runtime": 61587.258138656616, "_step": 660}