{"Test Acc": 17.01, "Test Loss": 2.65, "_timestamp": 1715721438.17051, "_runtime": 43690.993613004684, "_step": 100, "_wandb": {"runtime": 43689}}