{"Test Acc": 21.64, "Test Loss": 9.25, "_timestamp": 1715597977.2556272, "_runtime": 33920.16251826286, "_step": 100, "_wandb": {"runtime": 33918}}