{"0Client_acc": 80.33, "0Client_loss": 1.25, "1Client_acc": 80.37, "1Client_loss": 1.25, "2Client_acc": 80.33, "2Client_loss": 1.25, "3Client_acc": 80.36, "3Client_loss": 1.25, "4Client_acc": 80.33, "4Client_loss": 1.25, "5Client_acc": 80.38, "5Client_loss": 1.25, "6Client_acc": 80.39, "6Client_loss": 1.25, "7Client_acc": 80.36, "7Client_loss": 1.25, "8Client_acc": 80.37, "8Client_loss": 1.25, "9Client_acc": 80.32, "9Client_loss": 1.25, "_timestamp": 1715114006.1243267, "_runtime": 36070.15215778351, "_step": 100, "_wandb": {"runtime": 36068}}