{"Test Acc": 67.61, "Test Loss": 1.76, "_timestamp": 1716246808.9497757, "_runtime": 29817.649214744568, "_step": 1000, "_wandb": {"runtime": 29816}}